customer_id,business_name,business_type,country,province_state,city,onboard_channel,created_at
C100000,Biz_0000,Non-profit,CA,AB,Hamilton,referral,2025-08-31 00:21:02
C100001,Biz_0001,Contractor,GB,BC,Vancouver,mobile,2025-05-01 10:29:35
C100002,Biz_0002,Non-profit,CN,QC,Montreal,mobile,2025-08-22 02:04:29
C100003,Biz_0003,Restaurant,DE,ON,Montreal,referral,2025-06-14 03:41:53
C100004,Biz_0004,SaaS,CA,MB,Brampton,referral,2025-01-09 06:32:36
C100005,Biz_0005,Restaurant,IN,NB,Toronto,web,2025-08-17 23:18:06
C100006,Biz_0006,Non-profit,DE,MB,Edmonton,referral,2025-08-11 04:09:55
C100007,Biz_0007,E-commerce,ES,MB,Toronto,web,2025-04-21 09:31:27
C100008,Biz_0008,Services,CN,NB,Edmonton,mobile,2025-03-03 05:22:37
C100009,Biz_0009,Restaurant,CA,NS,Quebec City,web,2025-07-26 10:27:31
C100010,Biz_0010,Services,FR,QC,Toronto,mobile,2025-03-10 10:28:36
C100011,Biz_0011,E-commerce,ES,QC,Montreal,web,2025-07-11 11:30:13
C100012,Biz_0012,Non-profit,NG,PE,Hamilton,mobile,2025-08-02 20:45:54
C100013,Biz_0013,E-commerce,ES,NS,Vancouver,mobile,2025-05-27 13:53:01
C100014,Biz_0014,Retail,PH,NB,Quebec City,web,2025-04-28 20:40:04
C100015,Biz_0015,E-commerce,PK,MB,Mississauga,referral,2025-05-15 21:24:09
C100016,Biz_0016,Non-profit,CA,PE,Brampton,mobile,2025-04-01 22:26:06
C100017,Biz_0017,Wholesale,CN,BC,Toronto,web,2025-04-11 01:11:20
C100018,Biz_0018,E-commerce,MX,NB,Montreal,mobile,2025-03-24 20:14:08
C100019,Biz_0019,Retail,MX,MB,Brampton,web,2025-01-18 19:37:29
C100020,Biz_0020,Non-profit,ES,ON,Quebec City,web,2025-06-24 02:58:48
C100021,Biz_0021,Retail,US,BC,Quebec City,web,2025-05-02 01:05:52
C100022,Biz_0022,Wholesale,CA,AB,Toronto,web,2025-03-19 12:50:22
C100023,Biz_0023,E-commerce,FR,QC,Mississauga,mobile,2025-02-02 22:40:12
C100024,Biz_0024,Services,US,PE,Brampton,web,2025-08-26 05:54:57
C100025,Biz_0025,Non-profit,CN,ON,Edmonton,web,2025-03-03 19:39:23
C100026,Biz_0026,Contractor,NG,NS,Hamilton,mobile,2025-08-15 02:59:35
C100027,Biz_0027,SaaS,IN,NL,Vancouver,mobile,2025-01-30 19:57:14
C100028,Biz_0028,Retail,CA,AB,Montreal,web,2025-01-09 09:32:06
C100029,Biz_0029,Retail,PH,MB,Vancouver,mobile,2025-01-10 06:31:39
C100030,Biz_0030,SaaS,MX,BC,Quebec City,mobile,2025-03-30 14:54:02
C100031,Biz_0031,E-commerce,PH,PE,Vancouver,web,2025-08-01 08:23:51
C100032,Biz_0032,Wholesale,DE,NS,Brampton,web,2025-02-12 22:28:13
C100033,Biz_0033,Services,IN,ON,Quebec City,web,2025-02-11 07:16:39
C100034,Biz_0034,Restaurant,NG,QC,Vancouver,mobile,2025-06-27 06:10:18
C100035,Biz_0035,SaaS,US,SK,Calgary,web,2025-02-12 23:45:36
C100036,Biz_0036,Wholesale,MX,AB,Brampton,web,2025-05-13 12:03:06
C100037,Biz_0037,Restaurant,CA,PE,Montreal,web,2025-03-23 09:08:43
C100038,Biz_0038,SaaS,DE,NS,Brampton,referral,2025-06-26 09:00:19
C100039,Biz_0039,Wholesale,US,NB,Calgary,web,2025-03-14 02:15:31
C100040,Biz_0040,Retail,NG,PE,Vancouver,mobile,2025-03-04 16:34:01
C100041,Biz_0041,Contractor,ES,SK,Ottawa,web,2025-07-28 15:28:27
C100042,Biz_0042,Retail,MX,NB,Brampton,mobile,2025-08-19 20:19:09
C100043,Biz_0043,Wholesale,MX,SK,Vancouver,mobile,2025-08-31 00:34:23
C100044,Biz_0044,E-commerce,PH,MB,Montreal,web,2025-06-21 11:51:16
C100045,Biz_0045,Services,PK,MB,Hamilton,web,2025-07-24 17:03:34
C100046,Biz_0046,SaaS,MX,NB,Montreal,web,2025-06-23 16:01:33
C100047,Biz_0047,SaaS,ES,NL,Mississauga,web,2025-01-13 20:37:49
C100048,Biz_0048,SaaS,CN,ON,Hamilton,web,2025-01-01 20:49:23
C100049,Biz_0049,Non-profit,DE,AB,Vancouver,mobile,2025-08-10 10:12:47
C100050,Biz_0050,E-commerce,GB,AB,Hamilton,mobile,2025-01-01 13:56:13
C100051,Biz_0051,Contractor,CA,ON,Toronto,mobile,2025-07-02 18:45:01
C100052,Biz_0052,Non-profit,CA,NB,Montreal,mobile,2025-01-12 15:47:37
C100053,Biz_0053,Non-profit,DE,BC,Mississauga,web,2025-08-08 20:06:57
C100054,Biz_0054,Services,DE,BC,Vancouver,web,2025-02-25 21:47:53
C100055,Biz_0055,Restaurant,FR,ON,Hamilton,mobile,2025-08-17 02:19:16
C100056,Biz_0056,E-commerce,NG,AB,Quebec City,web,2025-04-19 15:38:34
C100057,Biz_0057,SaaS,IN,NB,Vancouver,mobile,2025-05-07 06:33:52
C100058,Biz_0058,Retail,NG,SK,Ottawa,mobile,2025-05-23 21:52:43
C100059,Biz_0059,Services,NG,PE,Quebec City,mobile,2025-03-26 21:30:05
C100060,Biz_0060,Restaurant,GB,QC,Quebec City,referral,2025-06-29 06:24:12
C100061,Biz_0061,Contractor,GB,QC,Brampton,web,2025-06-29 21:28:49
C100062,Biz_0062,Retail,FR,NS,Hamilton,mobile,2025-07-19 14:34:03
C100063,Biz_0063,Services,CN,SK,Calgary,mobile,2025-02-08 14:34:10
C100064,Biz_0064,Restaurant,IN,MB,Montreal,web,2025-05-05 04:20:12
C100065,Biz_0065,Restaurant,US,NL,Montreal,web,2025-01-20 07:48:17
C100066,Biz_0066,Restaurant,IN,PE,Vancouver,web,2025-08-29 05:37:21
C100067,Biz_0067,Non-profit,DE,NS,Quebec City,web,2025-05-03 10:01:19
C100068,Biz_0068,Contractor,IN,MB,Mississauga,mobile,2025-05-24 05:50:35
C100069,Biz_0069,Restaurant,PK,NL,Toronto,web,2025-02-07 09:17:24
C100070,Biz_0070,SaaS,GB,ON,Brampton,web,2025-07-08 17:17:46
C100071,Biz_0071,Wholesale,IN,NS,Montreal,web,2025-03-16 07:38:19
C100072,Biz_0072,Services,US,MB,Hamilton,referral,2025-03-06 15:32:06
C100073,Biz_0073,Services,DE,PE,Montreal,web,2025-05-01 08:10:30
C100074,Biz_0074,Contractor,MX,ON,Brampton,mobile,2025-08-25 02:47:21
C100075,Biz_0075,SaaS,CA,ON,Toronto,web,2025-05-01 21:37:14
C100076,Biz_0076,Non-profit,GB,SK,Calgary,web,2025-08-29 21:32:08
C100077,Biz_0077,SaaS,IN,NL,Vancouver,web,2025-03-06 15:40:39
C100078,Biz_0078,Non-profit,CN,ON,Ottawa,web,2025-07-05 12:02:53
C100079,Biz_0079,Contractor,FR,NL,Ottawa,web,2025-06-07 10:49:35
C100080,Biz_0080,Services,DE,BC,Calgary,sales,2025-04-01 07:38:12
C100081,Biz_0081,Restaurant,ES,NS,Edmonton,web,2025-01-25 16:07:39
C100082,Biz_0082,Retail,FR,MB,Ottawa,web,2025-03-17 20:33:55
C100083,Biz_0083,Non-profit,GB,NB,Quebec City,web,2025-05-16 09:37:48
C100084,Biz_0084,Non-profit,CN,AB,Mississauga,web,2025-08-18 02:19:48
C100085,Biz_0085,Wholesale,DE,SK,Calgary,web,2025-02-13 01:40:36
C100086,Biz_0086,SaaS,CN,MB,Vancouver,mobile,2025-05-22 22:59:12
C100087,Biz_0087,Wholesale,US,NS,Brampton,web,2025-08-07 02:47:27
C100088,Biz_0088,Services,FR,QC,Quebec City,web,2025-02-18 09:30:32
C100089,Biz_0089,Non-profit,PH,ON,Calgary,web,2025-02-16 11:43:07
C100090,Biz_0090,Wholesale,FR,MB,Edmonton,mobile,2025-08-29 18:30:49
C100091,Biz_0091,E-commerce,ES,PE,Ottawa,referral,2025-03-27 20:52:21
C100092,Biz_0092,Services,CN,PE,Toronto,web,2025-03-14 01:18:49
C100093,Biz_0093,Restaurant,PH,ON,Vancouver,mobile,2025-02-26 22:45:38
C100094,Biz_0094,Contractor,CN,AB,Ottawa,web,2025-06-27 15:03:31
C100095,Biz_0095,Wholesale,MX,NB,Ottawa,web,2025-07-04 03:52:36
C100096,Biz_0096,E-commerce,FR,NS,Ottawa,web,2025-03-16 05:51:38
C100097,Biz_0097,Restaurant,CA,ON,Vancouver,mobile,2025-01-22 23:11:21
C100098,Biz_0098,SaaS,GB,QC,Vancouver,mobile,2025-07-22 09:46:15
C100099,Biz_0099,Retail,CN,NS,Quebec City,web,2025-02-06 23:32:33
C100100,Biz_0100,E-commerce,PH,MB,Ottawa,web,2025-05-10 12:03:20
C100101,Biz_0101,SaaS,IN,BC,Quebec City,referral,2025-01-07 07:34:57
C100102,Biz_0102,Restaurant,CN,SK,Brampton,web,2025-07-10 17:49:18
C100103,Biz_0103,E-commerce,IN,QC,Vancouver,web,2025-04-20 08:49:42
C100104,Biz_0104,E-commerce,CN,NL,Brampton,web,2025-01-20 04:31:12
C100105,Biz_0105,Services,CA,PE,Hamilton,referral,2025-06-17 18:22:55
C100106,Biz_0106,SaaS,CN,ON,Calgary,mobile,2025-02-01 09:14:39
C100107,Biz_0107,Contractor,PK,NL,Ottawa,web,2025-06-24 09:38:54
C100108,Biz_0108,E-commerce,MX,PE,Quebec City,web,2025-06-12 08:05:04
C100109,Biz_0109,Retail,PK,NB,Calgary,web,2025-03-18 13:13:29
C100110,Biz_0110,Retail,FR,AB,Quebec City,web,2025-04-01 03:17:56
C100111,Biz_0111,Services,MX,MB,Edmonton,mobile,2025-06-22 03:56:36
C100112,Biz_0112,E-commerce,CA,ON,Ottawa,mobile,2025-08-21 13:41:28
C100113,Biz_0113,Non-profit,NG,NL,Hamilton,web,2025-01-24 13:35:31
C100114,Biz_0114,Services,IN,QC,Montreal,web,2025-02-04 20:07:06
C100115,Biz_0115,Services,GB,AB,Toronto,web,2025-05-16 09:02:57
C100116,Biz_0116,Services,PH,QC,Montreal,mobile,2025-02-09 04:53:21
C100117,Biz_0117,Contractor,IN,NS,Brampton,web,2025-01-07 08:12:38
C100118,Biz_0118,E-commerce,IN,AB,Hamilton,web,2025-01-19 14:08:20
C100119,Biz_0119,Wholesale,DE,NL,Vancouver,mobile,2025-06-15 00:27:20
C100120,Biz_0120,E-commerce,CN,SK,Montreal,mobile,2025-02-23 11:12:41
C100121,Biz_0121,Restaurant,US,MB,Ottawa,mobile,2025-08-28 19:24:51
C100122,Biz_0122,Services,MX,MB,Brampton,mobile,2025-05-23 04:32:57
C100123,Biz_0123,Services,CA,ON,Toronto,web,2025-04-22 04:22:11
C100124,Biz_0124,Services,US,ON,Quebec City,web,2025-04-09 04:19:02
C100125,Biz_0125,Services,PH,QC,Calgary,referral,2025-03-25 00:16:59
C100126,Biz_0126,Retail,CN,NL,Brampton,web,2025-05-25 08:39:02
C100127,Biz_0127,Non-profit,GB,SK,Montreal,mobile,2025-08-07 22:24:54
C100128,Biz_0128,Non-profit,ES,MB,Hamilton,mobile,2025-04-14 18:19:35
C100129,Biz_0129,E-commerce,ES,BC,Quebec City,web,2025-08-19 17:54:39
C100130,Biz_0130,Wholesale,PH,MB,Quebec City,sales,2025-06-04 09:43:12
C100131,Biz_0131,Non-profit,MX,AB,Brampton,mobile,2025-08-07 23:42:09
C100132,Biz_0132,Non-profit,IN,BC,Toronto,web,2025-01-05 09:46:39
C100133,Biz_0133,Services,PH,MB,Edmonton,web,2025-05-26 13:01:00
C100134,Biz_0134,E-commerce,DE,BC,Vancouver,mobile,2025-08-17 15:17:02
C100135,Biz_0135,Non-profit,PK,NL,Quebec City,web,2025-03-24 03:02:06
C100136,Biz_0136,SaaS,GB,BC,Montreal,web,2025-03-05 07:47:51
C100137,Biz_0137,Non-profit,CN,BC,Brampton,mobile,2025-06-02 11:41:36
C100138,Biz_0138,Services,CN,NB,Ottawa,web,2025-02-25 19:12:17
C100139,Biz_0139,Non-profit,CN,AB,Mississauga,web,2025-07-24 10:53:01
C100140,Biz_0140,E-commerce,PH,NL,Vancouver,web,2025-02-26 17:14:01
C100141,Biz_0141,Contractor,FR,PE,Edmonton,web,2025-02-10 18:21:56
C100142,Biz_0142,Non-profit,CN,NL,Mississauga,web,2025-04-29 23:18:25
C100143,Biz_0143,Restaurant,MX,QC,Brampton,mobile,2025-05-20 04:10:38
C100144,Biz_0144,Services,PH,QC,Calgary,sales,2025-03-02 00:07:23
C100145,Biz_0145,SaaS,CA,MB,Ottawa,web,2025-07-12 14:15:04
C100146,Biz_0146,Services,CN,QC,Brampton,mobile,2025-08-17 22:06:55
C100147,Biz_0147,E-commerce,ES,QC,Edmonton,web,2025-04-04 08:40:38
C100148,Biz_0148,Wholesale,FR,NS,Vancouver,web,2025-08-28 14:24:14
C100149,Biz_0149,Contractor,FR,BC,Hamilton,mobile,2025-03-24 10:39:34
C100150,Biz_0150,Retail,PK,NS,Ottawa,web,2025-06-18 14:59:51
C100151,Biz_0151,Contractor,IN,AB,Quebec City,web,2025-07-20 04:04:28
C100152,Biz_0152,Retail,PH,NB,Quebec City,web,2025-07-06 04:17:31
C100153,Biz_0153,Contractor,US,NB,Calgary,web,2025-03-02 01:33:45
C100154,Biz_0154,Non-profit,US,ON,Toronto,web,2025-04-26 16:06:53
C100155,Biz_0155,Non-profit,CN,SK,Toronto,web,2025-07-06 17:10:25
C100156,Biz_0156,Wholesale,GB,MB,Montreal,web,2025-05-03 00:01:33
C100157,Biz_0157,Services,FR,NS,Ottawa,web,2025-06-02 02:28:18
C100158,Biz_0158,Retail,FR,BC,Quebec City,mobile,2025-05-24 22:56:54
C100159,Biz_0159,E-commerce,CN,BC,Ottawa,web,2025-01-30 20:53:48
C100160,Biz_0160,Contractor,MX,MB,Calgary,sales,2025-04-01 14:30:37
C100161,Biz_0161,E-commerce,DE,ON,Vancouver,web,2025-02-15 02:16:46
C100162,Biz_0162,Retail,FR,NB,Edmonton,web,2025-07-08 16:42:53
C100163,Biz_0163,Services,PH,NS,Calgary,mobile,2025-08-28 16:00:33
C100164,Biz_0164,Contractor,PH,NL,Brampton,web,2025-06-29 11:22:42
C100165,Biz_0165,E-commerce,PH,NB,Ottawa,web,2025-05-03 05:50:35
C100166,Biz_0166,Services,CN,NS,Quebec City,web,2025-05-02 03:31:28
C100167,Biz_0167,SaaS,CN,NL,Ottawa,web,2025-05-05 12:38:07
C100168,Biz_0168,Non-profit,DE,AB,Brampton,mobile,2025-08-31 09:05:52
C100169,Biz_0169,Wholesale,ES,NS,Quebec City,mobile,2025-03-28 23:52:00
C100170,Biz_0170,Contractor,DE,MB,Hamilton,web,2025-02-09 15:29:40
C100171,Biz_0171,Non-profit,PH,ON,Toronto,web,2025-02-28 17:42:07
C100172,Biz_0172,SaaS,US,SK,Hamilton,mobile,2025-08-28 05:27:24
C100173,Biz_0173,E-commerce,NG,NL,Calgary,mobile,2025-05-19 05:53:26
C100174,Biz_0174,SaaS,NG,NS,Brampton,mobile,2025-07-18 23:52:59
C100175,Biz_0175,Non-profit,MX,MB,Calgary,web,2025-04-18 03:14:24
C100176,Biz_0176,SaaS,DE,AB,Vancouver,mobile,2025-02-10 10:00:43
C100177,Biz_0177,Services,NG,MB,Calgary,web,2025-03-01 08:25:35
C100178,Biz_0178,SaaS,US,ON,Brampton,web,2025-02-18 22:55:04
C100179,Biz_0179,Services,CA,ON,Vancouver,web,2025-07-01 21:41:28
C100180,Biz_0180,Wholesale,PK,SK,Quebec City,mobile,2025-03-28 00:14:02
C100181,Biz_0181,Non-profit,CA,PE,Edmonton,mobile,2025-05-26 13:05:51
C100182,Biz_0182,Retail,DE,ON,Quebec City,mobile,2025-03-26 00:29:05
C100183,Biz_0183,Non-profit,PH,PE,Toronto,web,2025-01-01 04:58:33
C100184,Biz_0184,Contractor,PK,NL,Vancouver,web,2025-06-13 01:33:34
C100185,Biz_0185,SaaS,FR,NS,Mississauga,web,2025-01-29 08:46:28
C100186,Biz_0186,SaaS,PH,SK,Ottawa,mobile,2025-08-11 01:23:25
C100187,Biz_0187,Wholesale,NG,SK,Brampton,referral,2025-06-27 07:37:36
C100188,Biz_0188,SaaS,IN,QC,Montreal,mobile,2025-07-27 22:16:14
C100189,Biz_0189,SaaS,PH,NL,Edmonton,web,2025-07-26 22:25:31
C100190,Biz_0190,Wholesale,PK,BC,Hamilton,mobile,2025-02-09 21:39:44
C100191,Biz_0191,Retail,ES,NL,Calgary,web,2025-01-23 21:52:36
C100192,Biz_0192,Retail,ES,QC,Toronto,web,2025-01-21 13:15:34
C100193,Biz_0193,E-commerce,GB,NB,Vancouver,sales,2025-02-22 01:46:24
C100194,Biz_0194,Retail,NG,NL,Ottawa,mobile,2025-02-20 13:53:07
C100195,Biz_0195,Retail,GB,SK,Toronto,mobile,2025-01-14 20:54:44
C100196,Biz_0196,SaaS,PH,PE,Brampton,mobile,2025-06-30 19:13:19
C100197,Biz_0197,Restaurant,IN,BC,Edmonton,web,2025-07-19 09:38:56
C100198,Biz_0198,Wholesale,GB,MB,Edmonton,mobile,2025-07-13 05:50:00
C100199,Biz_0199,Restaurant,FR,PE,Hamilton,web,2025-06-10 23:58:32
C100200,Biz_0200,Contractor,PH,QC,Toronto,web,2025-05-21 09:39:58
C100201,Biz_0201,Contractor,MX,MB,Vancouver,web,2025-02-08 04:07:58
C100202,Biz_0202,Retail,CA,MB,Mississauga,mobile,2025-04-04 16:44:16
C100203,Biz_0203,Non-profit,PK,MB,Mississauga,web,2025-02-03 04:46:39
C100204,Biz_0204,Non-profit,MX,ON,Calgary,web,2025-04-08 19:17:18
C100205,Biz_0205,E-commerce,FR,ON,Vancouver,web,2025-05-12 11:00:05
C100206,Biz_0206,Non-profit,MX,NS,Ottawa,mobile,2025-08-21 18:56:36
C100207,Biz_0207,Non-profit,NG,NL,Brampton,mobile,2025-08-23 17:48:46
C100208,Biz_0208,Retail,PK,MB,Quebec City,referral,2025-03-23 01:12:56
C100209,Biz_0209,Wholesale,NG,NL,Hamilton,web,2025-07-28 08:12:17
C100210,Biz_0210,Restaurant,PK,ON,Vancouver,referral,2025-07-06 01:31:10
C100211,Biz_0211,SaaS,CA,BC,Brampton,mobile,2025-05-04 01:36:39
C100212,Biz_0212,SaaS,PH,NB,Montreal,web,2025-05-14 09:13:16
C100213,Biz_0213,E-commerce,DE,NS,Brampton,web,2025-01-05 16:10:04
C100214,Biz_0214,Restaurant,CA,AB,Toronto,web,2025-08-30 19:03:26
C100215,Biz_0215,Services,ES,NS,Hamilton,web,2025-01-07 08:35:57
C100216,Biz_0216,E-commerce,MX,MB,Brampton,web,2025-03-14 12:25:01
C100217,Biz_0217,Wholesale,CA,AB,Brampton,web,2025-03-25 17:12:26
C100218,Biz_0218,Contractor,NG,MB,Toronto,web,2025-08-08 12:28:32
C100219,Biz_0219,SaaS,PK,NB,Montreal,mobile,2025-01-26 04:37:52
C100220,Biz_0220,Services,PK,SK,Mississauga,web,2025-05-04 17:37:00
C100221,Biz_0221,E-commerce,MX,NL,Calgary,mobile,2025-07-02 03:49:37
C100222,Biz_0222,Wholesale,MX,BC,Edmonton,mobile,2025-03-23 01:07:20
C100223,Biz_0223,E-commerce,PH,QC,Toronto,web,2025-06-09 03:21:17
C100224,Biz_0224,Non-profit,PH,QC,Montreal,web,2025-07-17 01:45:07
C100225,Biz_0225,Retail,CA,PE,Edmonton,mobile,2025-03-14 19:09:38
C100226,Biz_0226,Wholesale,US,BC,Brampton,referral,2025-07-23 16:41:10
C100227,Biz_0227,Wholesale,DE,SK,Hamilton,web,2025-04-28 20:00:34
C100228,Biz_0228,E-commerce,CA,SK,Edmonton,mobile,2025-06-26 02:35:07
C100229,Biz_0229,Services,CN,AB,Ottawa,mobile,2025-02-19 16:23:19
C100230,Biz_0230,E-commerce,ES,MB,Montreal,web,2025-06-26 04:35:24
C100231,Biz_0231,Retail,NG,NS,Brampton,web,2025-07-20 14:03:17
C100232,Biz_0232,Non-profit,PH,PE,Mississauga,mobile,2025-03-05 09:53:38
C100233,Biz_0233,Wholesale,CN,ON,Montreal,mobile,2025-03-27 06:34:06
C100234,Biz_0234,Contractor,GB,PE,Vancouver,referral,2025-01-30 05:38:07
C100235,Biz_0235,E-commerce,IN,SK,Edmonton,web,2025-08-22 01:23:02
C100236,Biz_0236,Restaurant,NG,QC,Montreal,web,2025-07-30 15:48:28
C100237,Biz_0237,Contractor,NG,BC,Brampton,web,2025-01-21 06:53:07
C100238,Biz_0238,Restaurant,PH,NB,Calgary,web,2025-01-08 11:44:37
C100239,Biz_0239,Restaurant,GB,NS,Ottawa,mobile,2025-08-21 06:17:12
C100240,Biz_0240,Non-profit,PK,SK,Hamilton,web,2025-05-03 05:27:05
C100241,Biz_0241,Contractor,DE,NS,Montreal,web,2025-08-24 21:21:13
C100242,Biz_0242,E-commerce,CN,AB,Mississauga,mobile,2025-04-14 01:01:24
C100243,Biz_0243,Services,DE,NL,Ottawa,web,2025-02-11 14:35:45
C100244,Biz_0244,Restaurant,PH,BC,Toronto,web,2025-07-28 10:12:07
C100245,Biz_0245,Services,FR,AB,Edmonton,mobile,2025-07-18 04:14:18
C100246,Biz_0246,Non-profit,DE,MB,Toronto,web,2025-01-27 21:53:18
C100247,Biz_0247,Non-profit,PK,NB,Calgary,web,2025-07-10 17:51:47
C100248,Biz_0248,Wholesale,NG,PE,Vancouver,mobile,2025-02-25 22:29:55
C100249,Biz_0249,E-commerce,CN,SK,Mississauga,mobile,2025-05-19 07:50:53
C100250,Biz_0250,E-commerce,IN,AB,Mississauga,mobile,2025-04-25 11:18:26
C100251,Biz_0251,Non-profit,DE,BC,Mississauga,web,2025-05-13 17:51:48
C100252,Biz_0252,Services,FR,NS,Montreal,mobile,2025-03-12 21:22:53
C100253,Biz_0253,Services,US,SK,Mississauga,web,2025-06-06 00:54:28
C100254,Biz_0254,Restaurant,IN,QC,Ottawa,web,2025-06-04 10:51:15
C100255,Biz_0255,SaaS,DE,BC,Calgary,mobile,2025-02-26 01:22:18
C100256,Biz_0256,Retail,IN,SK,Quebec City,web,2025-04-29 10:26:31
C100257,Biz_0257,Services,MX,NL,Calgary,mobile,2025-08-20 03:38:09
C100258,Biz_0258,Restaurant,IN,NL,Mississauga,mobile,2025-03-16 13:13:19
C100259,Biz_0259,Services,NG,SK,Vancouver,referral,2025-01-03 17:17:58
C100260,Biz_0260,Contractor,ES,SK,Edmonton,web,2025-02-25 12:44:58
C100261,Biz_0261,Restaurant,PK,MB,Mississauga,web,2025-05-05 01:25:31
C100262,Biz_0262,Restaurant,CN,PE,Edmonton,web,2025-06-26 05:20:23
C100263,Biz_0263,Services,PK,QC,Vancouver,mobile,2025-07-21 00:53:38
C100264,Biz_0264,Wholesale,NG,QC,Montreal,web,2025-03-26 15:14:12
C100265,Biz_0265,E-commerce,CN,MB,Toronto,mobile,2025-01-27 14:39:26
C100266,Biz_0266,Services,US,BC,Ottawa,web,2025-05-22 07:02:15
C100267,Biz_0267,E-commerce,US,PE,Ottawa,sales,2025-07-01 01:14:01
C100268,Biz_0268,Non-profit,PK,SK,Edmonton,web,2025-03-01 09:49:38
C100269,Biz_0269,Services,PK,PE,Calgary,mobile,2025-04-02 03:35:59
C100270,Biz_0270,Services,PH,NB,Ottawa,web,2025-04-17 10:15:09
C100271,Biz_0271,Services,DE,NL,Calgary,web,2025-06-19 12:39:21
C100272,Biz_0272,Non-profit,CA,AB,Vancouver,sales,2025-07-01 03:11:43
C100273,Biz_0273,Contractor,FR,NL,Hamilton,referral,2025-08-01 01:09:49
C100274,Biz_0274,Services,DE,BC,Calgary,mobile,2025-05-28 20:47:19
C100275,Biz_0275,Non-profit,IN,NS,Montreal,mobile,2025-02-15 13:03:56
C100276,Biz_0276,Retail,MX,ON,Toronto,mobile,2025-06-08 12:26:58
C100277,Biz_0277,Retail,NG,AB,Ottawa,web,2025-03-26 11:37:56
C100278,Biz_0278,Wholesale,IN,MB,Mississauga,web,2025-07-21 18:54:38
C100279,Biz_0279,Wholesale,IN,SK,Hamilton,web,2025-07-15 16:06:55
C100280,Biz_0280,SaaS,MX,NL,Toronto,web,2025-05-29 18:39:25
C100281,Biz_0281,SaaS,CN,MB,Calgary,web,2025-07-04 03:36:05
C100282,Biz_0282,Contractor,CA,SK,Brampton,web,2025-07-07 10:13:14
C100283,Biz_0283,Retail,US,ON,Edmonton,mobile,2025-03-12 20:56:08
C100284,Biz_0284,Retail,CN,QC,Hamilton,web,2025-01-14 10:22:56
C100285,Biz_0285,SaaS,GB,NB,Mississauga,web,2025-05-05 09:03:21
C100286,Biz_0286,E-commerce,IN,AB,Brampton,web,2025-02-05 19:20:09
C100287,Biz_0287,Restaurant,NG,SK,Hamilton,web,2025-06-24 10:06:43
C100288,Biz_0288,Contractor,ES,ON,Hamilton,web,2025-03-13 14:54:32
C100289,Biz_0289,E-commerce,NG,ON,Calgary,web,2025-05-10 16:46:51
C100290,Biz_0290,Contractor,CA,AB,Vancouver,mobile,2025-02-13 17:06:58
C100291,Biz_0291,SaaS,GB,AB,Brampton,web,2025-01-17 01:04:59
C100292,Biz_0292,E-commerce,NG,AB,Toronto,referral,2025-08-30 09:02:14
C100293,Biz_0293,Wholesale,ES,NB,Mississauga,web,2025-07-29 03:52:24
C100294,Biz_0294,Services,MX,NL,Calgary,referral,2025-02-09 19:57:50
C100295,Biz_0295,SaaS,DE,BC,Brampton,web,2025-04-05 03:44:40
C100296,Biz_0296,Restaurant,CN,ON,Vancouver,web,2025-03-08 03:24:56
C100297,Biz_0297,Restaurant,DE,PE,Mississauga,web,2025-06-29 20:43:41
C100298,Biz_0298,SaaS,CN,NB,Calgary,referral,2025-08-28 20:11:28
C100299,Biz_0299,Services,PH,SK,Mississauga,web,2025-06-09 15:26:04
C100300,Biz_0300,Retail,NG,NL,Brampton,mobile,2025-08-14 21:47:51
C100301,Biz_0301,Services,US,ON,Ottawa,mobile,2025-03-17 19:57:06
C100302,Biz_0302,Wholesale,MX,AB,Vancouver,mobile,2025-03-01 20:32:51
C100303,Biz_0303,Services,PK,SK,Edmonton,sales,2025-08-08 18:45:47
C100304,Biz_0304,Wholesale,MX,PE,Hamilton,web,2025-07-03 17:10:30
C100305,Biz_0305,Restaurant,PH,MB,Hamilton,web,2025-01-11 14:48:11
C100306,Biz_0306,Contractor,GB,MB,Toronto,web,2025-02-06 21:24:59
C100307,Biz_0307,E-commerce,CN,BC,Vancouver,mobile,2025-04-14 08:50:33
C100308,Biz_0308,Wholesale,US,QC,Hamilton,web,2025-05-28 19:09:54
C100309,Biz_0309,Contractor,PK,SK,Ottawa,mobile,2025-06-01 20:12:33
C100310,Biz_0310,E-commerce,GB,NL,Mississauga,web,2025-02-13 11:11:55
C100311,Biz_0311,E-commerce,PK,MB,Calgary,web,2025-06-23 11:33:05
C100312,Biz_0312,Restaurant,NG,AB,Vancouver,web,2025-07-21 13:49:07
C100313,Biz_0313,Restaurant,FR,NL,Toronto,mobile,2025-07-17 15:17:00
C100314,Biz_0314,Contractor,PK,PE,Hamilton,referral,2025-04-13 11:27:20
C100315,Biz_0315,Restaurant,CA,QC,Calgary,mobile,2025-02-22 03:23:03
C100316,Biz_0316,Retail,IN,NS,Brampton,web,2025-02-02 19:01:12
C100317,Biz_0317,Contractor,ES,AB,Montreal,web,2025-08-13 15:52:24
C100318,Biz_0318,Retail,GB,PE,Quebec City,mobile,2025-05-07 00:06:19
C100319,Biz_0319,E-commerce,ES,NL,Quebec City,web,2025-07-26 00:08:24
C100320,Biz_0320,Services,GB,ON,Edmonton,web,2025-07-03 08:36:58
C100321,Biz_0321,Services,DE,SK,Montreal,web,2025-02-15 12:14:07
C100322,Biz_0322,Services,FR,ON,Quebec City,web,2025-06-09 05:28:07
C100323,Biz_0323,E-commerce,CN,NB,Edmonton,mobile,2025-03-17 05:20:37
C100324,Biz_0324,Wholesale,NG,BC,Brampton,web,2025-04-25 21:19:08
C100325,Biz_0325,Non-profit,NG,NS,Quebec City,web,2025-02-05 08:46:29
C100326,Biz_0326,Services,CA,BC,Vancouver,mobile,2025-08-07 13:03:24
C100327,Biz_0327,E-commerce,CA,NS,Toronto,web,2025-04-28 00:30:19
C100328,Biz_0328,Wholesale,ES,NL,Mississauga,web,2025-06-23 13:22:25
C100329,Biz_0329,Restaurant,DE,ON,Ottawa,web,2025-04-05 15:28:58
C100330,Biz_0330,SaaS,IN,NL,Calgary,mobile,2025-08-14 05:51:46
C100331,Biz_0331,Non-profit,CN,NB,Mississauga,web,2025-04-21 03:17:02
C100332,Biz_0332,Contractor,US,ON,Calgary,mobile,2025-07-21 10:54:14
C100333,Biz_0333,E-commerce,FR,ON,Hamilton,mobile,2025-02-20 20:29:20
C100334,Biz_0334,Retail,MX,NL,Montreal,web,2025-04-11 05:51:19
C100335,Biz_0335,E-commerce,GB,AB,Mississauga,mobile,2025-04-15 18:01:40
C100336,Biz_0336,SaaS,NG,SK,Mississauga,mobile,2025-05-13 19:45:01
C100337,Biz_0337,Restaurant,CA,NL,Brampton,web,2025-04-04 21:51:27
C100338,Biz_0338,Wholesale,US,PE,Calgary,web,2025-04-15 21:34:11
C100339,Biz_0339,Retail,CA,NL,Edmonton,web,2025-08-17 20:28:17
C100340,Biz_0340,Contractor,CN,MB,Brampton,mobile,2025-04-03 01:03:12
C100341,Biz_0341,E-commerce,CN,QC,Montreal,web,2025-06-10 11:53:46
C100342,Biz_0342,Restaurant,NG,NS,Edmonton,mobile,2025-03-02 14:08:02
C100343,Biz_0343,SaaS,ES,BC,Vancouver,web,2025-08-18 02:53:34
C100344,Biz_0344,SaaS,MX,SK,Hamilton,mobile,2025-04-17 00:49:39
C100345,Biz_0345,SaaS,US,ON,Mississauga,mobile,2025-05-29 05:47:29
C100346,Biz_0346,Services,NG,NL,Toronto,mobile,2025-04-22 16:41:23
C100347,Biz_0347,Services,PK,MB,Calgary,mobile,2025-08-18 12:24:12
C100348,Biz_0348,E-commerce,CN,AB,Toronto,mobile,2025-08-08 15:59:07
C100349,Biz_0349,Wholesale,CA,AB,Ottawa,mobile,2025-02-07 02:54:31
C100350,Biz_0350,Wholesale,PK,AB,Ottawa,web,2025-05-30 00:22:27
C100351,Biz_0351,SaaS,PH,NB,Hamilton,web,2025-07-17 00:20:27
C100352,Biz_0352,Contractor,US,SK,Brampton,web,2025-06-17 10:20:12
C100353,Biz_0353,Retail,PH,MB,Hamilton,mobile,2025-01-22 16:12:27
C100354,Biz_0354,Contractor,GB,MB,Brampton,mobile,2025-04-07 20:46:07
C100355,Biz_0355,Wholesale,GB,ON,Hamilton,web,2025-07-31 17:21:51
C100356,Biz_0356,Wholesale,US,NS,Edmonton,mobile,2025-07-22 04:56:54
C100357,Biz_0357,Non-profit,CA,MB,Calgary,web,2025-01-31 15:47:13
C100358,Biz_0358,Non-profit,DE,NB,Ottawa,mobile,2025-01-08 02:11:17
C100359,Biz_0359,Wholesale,ES,NL,Montreal,referral,2025-01-30 18:28:45
C100360,Biz_0360,Non-profit,US,MB,Ottawa,web,2025-02-05 22:12:14
C100361,Biz_0361,SaaS,US,NB,Ottawa,mobile,2025-01-03 09:29:21
C100362,Biz_0362,Contractor,ES,BC,Brampton,mobile,2025-04-07 20:54:25
C100363,Biz_0363,Retail,PK,AB,Mississauga,web,2025-04-06 06:55:12
C100364,Biz_0364,Retail,PK,PE,Brampton,web,2025-07-12 18:11:00
C100365,Biz_0365,Non-profit,IN,QC,Mississauga,web,2025-07-15 17:47:42
C100366,Biz_0366,Retail,DE,BC,Vancouver,mobile,2025-06-30 10:45:17
C100367,Biz_0367,Non-profit,PK,AB,Edmonton,web,2025-03-15 06:30:17
C100368,Biz_0368,Wholesale,CN,NS,Calgary,web,2025-05-05 10:08:38
C100369,Biz_0369,E-commerce,CN,MB,Mississauga,web,2025-05-24 13:43:46
C100370,Biz_0370,Retail,ES,AB,Calgary,web,2025-06-06 00:34:09
C100371,Biz_0371,Wholesale,PK,NL,Brampton,web,2025-08-04 02:49:02
C100372,Biz_0372,Non-profit,US,NL,Vancouver,web,2025-04-08 21:20:39
C100373,Biz_0373,Non-profit,DE,QC,Toronto,web,2025-02-16 11:17:19
C100374,Biz_0374,SaaS,IN,QC,Mississauga,web,2025-03-01 13:35:06
C100375,Biz_0375,Services,CN,NB,Calgary,referral,2025-06-01 04:58:01
C100376,Biz_0376,Wholesale,GB,PE,Calgary,web,2025-07-30 14:30:36
C100377,Biz_0377,Restaurant,IN,PE,Ottawa,web,2025-01-02 01:39:40
C100378,Biz_0378,Contractor,MX,PE,Ottawa,web,2025-06-17 08:45:50
C100379,Biz_0379,SaaS,FR,PE,Hamilton,mobile,2025-05-15 11:08:07
C100380,Biz_0380,Contractor,CA,QC,Brampton,mobile,2025-02-13 09:53:01
C100381,Biz_0381,Retail,IN,PE,Hamilton,web,2025-01-18 18:24:46
C100382,Biz_0382,Wholesale,IN,ON,Montreal,web,2025-06-30 02:49:21
C100383,Biz_0383,E-commerce,DE,NL,Ottawa,web,2025-03-27 23:53:10
C100384,Biz_0384,Restaurant,MX,NB,Toronto,referral,2025-08-07 06:58:02
C100385,Biz_0385,Restaurant,ES,NL,Quebec City,web,2025-04-06 02:00:21
C100386,Biz_0386,Restaurant,ES,PE,Brampton,web,2025-06-17 09:16:46
C100387,Biz_0387,Wholesale,PK,NS,Hamilton,web,2025-03-31 19:18:14
C100388,Biz_0388,Restaurant,IN,NB,Montreal,mobile,2025-04-18 06:18:12
C100389,Biz_0389,Wholesale,CN,AB,Edmonton,web,2025-08-18 15:40:40
C100390,Biz_0390,Services,NG,SK,Edmonton,web,2025-04-05 18:53:22
C100391,Biz_0391,Restaurant,MX,MB,Montreal,web,2025-01-20 10:11:02
C100392,Biz_0392,Non-profit,ES,AB,Quebec City,mobile,2025-05-27 23:45:20
C100393,Biz_0393,E-commerce,PH,NB,Toronto,web,2025-07-19 05:58:02
C100394,Biz_0394,Retail,ES,SK,Montreal,web,2025-02-03 00:53:34
C100395,Biz_0395,SaaS,FR,QC,Calgary,mobile,2025-01-18 13:06:20
C100396,Biz_0396,E-commerce,MX,BC,Edmonton,mobile,2025-08-16 09:37:45
C100397,Biz_0397,Contractor,NG,SK,Toronto,referral,2025-03-06 13:24:19
C100398,Biz_0398,Non-profit,US,BC,Mississauga,web,2025-03-19 12:40:12
C100399,Biz_0399,Non-profit,CN,MB,Brampton,web,2025-07-27 15:13:23
C100400,Biz_0400,Contractor,GB,NS,Vancouver,mobile,2025-05-24 10:48:56
C100401,Biz_0401,E-commerce,CN,AB,Hamilton,mobile,2025-03-24 03:09:07
C100402,Biz_0402,Restaurant,MX,AB,Vancouver,sales,2025-05-09 20:18:11
C100403,Biz_0403,Wholesale,US,MB,Montreal,web,2025-06-01 12:28:56
C100404,Biz_0404,Retail,ES,MB,Calgary,mobile,2025-05-18 04:12:40
C100405,Biz_0405,Services,ES,PE,Edmonton,web,2025-07-07 12:56:08
C100406,Biz_0406,E-commerce,CN,MB,Edmonton,mobile,2025-01-04 00:27:17
C100407,Biz_0407,Services,US,NS,Vancouver,sales,2025-05-12 22:26:36
C100408,Biz_0408,Non-profit,MX,SK,Hamilton,web,2025-04-02 03:39:40
C100409,Biz_0409,Wholesale,US,NS,Hamilton,mobile,2025-02-15 14:45:54
C100410,Biz_0410,Wholesale,DE,NS,Edmonton,mobile,2025-03-03 19:29:17
C100411,Biz_0411,Wholesale,GB,PE,Brampton,web,2025-01-07 04:35:57
C100412,Biz_0412,Contractor,ES,SK,Edmonton,referral,2025-06-03 21:12:31
C100413,Biz_0413,Services,IN,AB,Montreal,web,2025-02-01 06:38:06
C100414,Biz_0414,Non-profit,PH,MB,Ottawa,web,2025-08-25 14:50:41
C100415,Biz_0415,Non-profit,GB,SK,Brampton,web,2025-08-11 22:39:16
C100416,Biz_0416,Contractor,ES,QC,Montreal,web,2025-05-08 16:18:11
C100417,Biz_0417,Services,FR,MB,Edmonton,web,2025-05-29 09:31:29
C100418,Biz_0418,Contractor,CA,NB,Montreal,mobile,2025-02-28 02:08:35
C100419,Biz_0419,E-commerce,FR,BC,Edmonton,web,2025-07-01 05:22:06
C100420,Biz_0420,Contractor,ES,BC,Calgary,web,2025-02-21 16:24:57
C100421,Biz_0421,E-commerce,CN,NB,Brampton,web,2025-04-10 15:43:24
C100422,Biz_0422,E-commerce,NG,NL,Quebec City,web,2025-08-03 21:20:21
C100423,Biz_0423,Services,DE,NL,Montreal,mobile,2025-02-15 09:56:30
C100424,Biz_0424,Contractor,MX,ON,Edmonton,web,2025-04-16 12:13:08
C100425,Biz_0425,E-commerce,NG,PE,Toronto,web,2025-01-15 11:40:14
C100426,Biz_0426,E-commerce,CA,AB,Toronto,mobile,2025-05-09 00:40:38
C100427,Biz_0427,Contractor,ES,SK,Edmonton,mobile,2025-06-17 23:17:00
C100428,Biz_0428,Contractor,NG,NL,Calgary,web,2025-03-13 12:00:02
C100429,Biz_0429,Non-profit,FR,NB,Calgary,mobile,2025-03-07 18:54:23
C100430,Biz_0430,Restaurant,NG,NB,Toronto,sales,2025-01-17 00:18:11
C100431,Biz_0431,Contractor,US,PE,Mississauga,mobile,2025-06-24 00:15:49
C100432,Biz_0432,E-commerce,IN,BC,Quebec City,referral,2025-08-14 18:14:51
C100433,Biz_0433,Contractor,MX,PE,Vancouver,web,2025-04-20 13:36:08
C100434,Biz_0434,Retail,CA,NS,Montreal,web,2025-06-27 19:21:41
C100435,Biz_0435,Non-profit,MX,SK,Vancouver,sales,2025-01-12 23:04:28
C100436,Biz_0436,Wholesale,CA,NL,Hamilton,web,2025-01-09 23:18:04
C100437,Biz_0437,Retail,CA,NL,Montreal,web,2025-04-13 00:35:00
C100438,Biz_0438,Non-profit,FR,MB,Montreal,referral,2025-05-31 11:09:27
C100439,Biz_0439,SaaS,DE,ON,Montreal,mobile,2025-07-21 15:17:01
C100440,Biz_0440,Restaurant,GB,BC,Quebec City,mobile,2025-06-01 07:21:12
C100441,Biz_0441,Services,NG,MB,Mississauga,mobile,2025-04-24 11:52:27
C100442,Biz_0442,Retail,US,BC,Vancouver,mobile,2025-03-03 15:11:43
C100443,Biz_0443,SaaS,GB,QC,Edmonton,web,2025-01-18 04:54:31
C100444,Biz_0444,Non-profit,IN,NB,Mississauga,referral,2025-03-06 08:46:23
C100445,Biz_0445,Restaurant,CA,QC,Montreal,web,2025-01-07 01:56:23
C100446,Biz_0446,Wholesale,PK,MB,Mississauga,mobile,2025-02-08 20:18:42
C100447,Biz_0447,Restaurant,CN,NL,Mississauga,web,2025-01-14 20:32:19
C100448,Biz_0448,Contractor,IN,PE,Toronto,mobile,2025-07-08 15:30:02
C100449,Biz_0449,Non-profit,DE,NS,Ottawa,mobile,2025-05-28 13:32:49
C100450,Biz_0450,E-commerce,CN,SK,Hamilton,mobile,2025-01-01 23:22:55
C100451,Biz_0451,Retail,DE,NB,Quebec City,web,2025-04-22 14:53:57
C100452,Biz_0452,Retail,PH,MB,Mississauga,referral,2025-08-15 03:16:10
C100453,Biz_0453,Restaurant,MX,NL,Brampton,web,2025-04-23 05:56:37
C100454,Biz_0454,Non-profit,CA,NL,Ottawa,mobile,2025-06-08 06:39:09
C100455,Biz_0455,Contractor,DE,QC,Mississauga,web,2025-06-08 00:48:01
C100456,Biz_0456,Wholesale,CN,MB,Quebec City,mobile,2025-03-31 15:14:53
C100457,Biz_0457,Non-profit,CA,SK,Brampton,web,2025-04-17 21:52:25
C100458,Biz_0458,Contractor,CA,NS,Montreal,web,2025-07-27 06:26:37
C100459,Biz_0459,Non-profit,ES,MB,Ottawa,mobile,2025-06-16 03:48:30
C100460,Biz_0460,Contractor,GB,ON,Calgary,mobile,2025-03-15 10:11:06
C100461,Biz_0461,SaaS,PH,ON,Hamilton,web,2025-07-20 19:23:59
C100462,Biz_0462,E-commerce,DE,PE,Vancouver,mobile,2025-05-22 18:56:45
C100463,Biz_0463,E-commerce,FR,ON,Vancouver,web,2025-07-24 14:30:48
C100464,Biz_0464,Contractor,ES,ON,Hamilton,web,2025-08-16 02:17:45
C100465,Biz_0465,Non-profit,US,BC,Vancouver,mobile,2025-03-29 18:47:12
C100466,Biz_0466,Services,DE,MB,Calgary,referral,2025-01-20 00:27:01
C100467,Biz_0467,Restaurant,ES,NB,Toronto,web,2025-04-29 09:03:36
C100468,Biz_0468,Non-profit,NG,ON,Hamilton,mobile,2025-04-06 04:03:38
C100469,Biz_0469,SaaS,MX,BC,Ottawa,web,2025-04-08 05:12:09
C100470,Biz_0470,Restaurant,NG,AB,Montreal,mobile,2025-06-18 05:56:49
C100471,Biz_0471,Wholesale,PK,PE,Mississauga,web,2025-07-21 14:30:01
C100472,Biz_0472,Contractor,MX,PE,Mississauga,mobile,2025-06-23 18:25:53
C100473,Biz_0473,E-commerce,FR,NB,Ottawa,referral,2025-01-19 00:31:30
C100474,Biz_0474,Non-profit,PH,AB,Quebec City,web,2025-08-06 11:10:43
C100475,Biz_0475,Non-profit,MX,NL,Quebec City,mobile,2025-07-31 16:31:25
C100476,Biz_0476,Retail,PH,QC,Hamilton,web,2025-02-02 02:19:33
C100477,Biz_0477,Services,US,MB,Ottawa,web,2025-05-04 02:21:57
C100478,Biz_0478,E-commerce,IN,MB,Quebec City,referral,2025-01-01 12:07:06
C100479,Biz_0479,Services,GB,MB,Edmonton,mobile,2025-04-05 14:10:17
C100480,Biz_0480,Retail,CN,SK,Quebec City,web,2025-07-21 19:31:18
C100481,Biz_0481,Retail,CA,SK,Vancouver,web,2025-04-01 04:12:40
C100482,Biz_0482,Non-profit,PK,AB,Calgary,web,2025-04-16 19:45:53
C100483,Biz_0483,Non-profit,GB,MB,Vancouver,web,2025-04-04 02:01:46
C100484,Biz_0484,Contractor,CN,ON,Calgary,web,2025-07-18 23:34:39
C100485,Biz_0485,Non-profit,IN,PE,Calgary,mobile,2025-01-11 19:34:23
C100486,Biz_0486,Contractor,PK,ON,Vancouver,web,2025-05-02 04:05:58
C100487,Biz_0487,E-commerce,PH,QC,Mississauga,web,2025-01-22 16:57:45
C100488,Biz_0488,SaaS,GB,NS,Mississauga,web,2025-01-18 13:37:11
C100489,Biz_0489,Services,PK,NB,Brampton,mobile,2025-04-02 10:42:34
C100490,Biz_0490,Restaurant,DE,NB,Mississauga,web,2025-03-26 08:18:51
C100491,Biz_0491,Restaurant,DE,NB,Toronto,mobile,2025-02-03 01:08:15
C100492,Biz_0492,Contractor,PH,PE,Montreal,web,2025-03-31 22:15:46
C100493,Biz_0493,Retail,ES,AB,Vancouver,web,2025-01-03 10:00:19
C100494,Biz_0494,Non-profit,CN,BC,Brampton,mobile,2025-02-07 02:48:57
C100495,Biz_0495,Restaurant,CA,SK,Toronto,web,2025-03-18 23:51:22
C100496,Biz_0496,Services,IN,QC,Edmonton,referral,2025-03-30 22:34:11
C100497,Biz_0497,Restaurant,ES,ON,Brampton,referral,2025-08-29 09:26:57
C100498,Biz_0498,Non-profit,IN,ON,Mississauga,web,2025-08-26 10:34:55
C100499,Biz_0499,Non-profit,US,ON,Brampton,web,2025-03-30 12:05:18
